Codigo_org;Organismo
MA031;ASOCIACION DE MUNICIPIOS CIUDAD SUR
MA044;ASOCIACION NACIONAL DE MUNICIPALIDADES DE CIUDADES PUERTO CONCESIONADOS
AO068;HOSPITAL ERNESTO TORRES DE IQUIQUE
CM038;CORPORACION MUNICIPAL DE IQUIQUE
AP002;SERVIU REGION DE TARAPACA
AB076;GOBIERNO REGIONAL DE TARAPACA (GORE)
AK010;CORPORACION DE ASISTENCIA JUDICIAL REGIONES TARAPACA Y ANTOFAGASTA (CAJTA)
AB017;DELEGACION PRESIDENCIAL REGIONAL DE TARAPACA
MA013;ASOCIACION DE MUNICIPIOS RURALES REGIONES DE TARAPACA Y ARICAPARINACOTA
AP020;SEREMI DE VIVIENDA Y URBANISMO REGION DE TARAPACA
UN002;UNIVERSIDAD ARTURO PRAT (UNAP)
AO040;SEREMI DE SALUD  DE TARAPACA
AB024;GOBERNACION DE IQUIQUE (DEROGADA POR DELEGACION PRESIDENCIAL REGIONAL DE TARAPACA)
EP017;EMPRESA PORTUARIA IQUIQUE
MU112;MUNICIPALIDAD DE IQUIQUE
AO017;SERVICIO DE SALUD IQUIQUE
PP048;PARTIDO POR LA INTEGRACION REGIONAL
EP027;ZOFRI S.A.  (ZOFRI)
CM062;CORPORACION MUNICIPAL DE DEPORTES DE IQUIQUE
CM179;CORPORACION MUNICIPAL DE DEPORTE Y CULTURA DE ALTO HOSPICIO
MU005;MUNICIPALIDAD DE ALTO HOSPICIO
MA057;ASOCIACION DE MUNICIPALIDADES DE LA PROVINCIA DE IQUIQUE PARA LA GESTION AMBIENTAL Y DE RESIDUOS
CF003;CFT DE LA REGION DEL TARAPACA
CM034;CORPORACION MUNICIPAL DE POZO ALMONTE
AB025;DELEGACION PRESIDENCIAL PROVINCIAL DE TAMARUGAL
MU226;MUNICIPALIDAD DE POZO ALMONTE
MU025;MUNICIPALIDAD DE CAMINA
MU056;MUNICIPALIDAD DE COLCHANE
MU107;MUNICIPALIDAD DE HUARA
MU217;MUNICIPALIDAD DE PICA
AO090;HOSPITAL DE PUERTO MONTT
CM084;CORPORACION CULTURAL DE PUERTO MONTT
AB013;DELEGACION PRESIDENCIAL REGIONAL DE LOS LAGOS
AB087;GOBIERNO REGIONAL DE LOS LAGOS (GORE LOS LAGOS)
MU233;MUNICIPALIDAD DE PUERTO MONTT
AO037;SERVICIO DE SALUD DEL RELONCAVI
EP018;EMPRESA PORTUARIA PUERTO MONTT
AO051;SEREMI DE SALUD DE LOS LAGOS
AB058;GOBERNACION DE LLANQUIHUE (DEROGADA POR DELEGACION PRESIDENCIAL REGIONAL DE LOS LAGOS)
AP012;SERVIU REGION DE LOS LAGOS
MU020;MUNICIPALIDAD DE CALBUCO
CM117;CORPORACION DE CULTURA Y TURISMO DE CALBUCO
MU049;MUNICIPALIDAD DE COCHAMO
MU093;MUNICIPALIDAD DE FRESIA
AJ028;SERVICIO LOCAL DE EDUCACION PUBLICA LLANQUIHUE
MU094;MUNICIPALIDAD DE FRUTILLAR
MU155;MUNICIPALIDAD DE LOS MUERMOS
CM214;CORPORACION MUNICIPAL DE DESARROLLO SOCIAL DE LOS MUERMOS
MU142;MUNICIPALIDAD DE LLANQUIHUE
CF005;CFT DE LA REGION DE LOS LAGOS
MA052;ASOCIACION DE MUNICIPALIDADES DE LA CUENCA DEL LAGO LLANQUIHUE
MU170;MUNICIPALIDAD DE MAULLIN
MU236;MUNICIPALIDAD DE PUERTO VARAS
MA017;ASOCIACION DE MUNICIPALIDADES DESARROLLO APICULTURA TURISMO Y MEDIO AMBIENTE ZONA DE AMORTIGUACION DE LA REGION DE LOS LAGOS
MA025;ASOCIACION MUNICIPALIDADES PROVINCIA DE LLANQUIHUE PARA MANEJO SUSTENTABLE DE RESIDUOS Y GESTION AMBIENTAL
AO035;SERVICIO DE SALUD DE CHILOE
AB059;DELEGACION PRESIDENCIAL PROVINCIAL DE CHILOE
AO061;HOSPITAL DR. AUGUSTO RIFFART DE CASTRO
CM159;CORPORACION MUNICIPAL DE CASTRO
MU031;MUNICIPALIDAD DE CASTRO
CM157;CORPORACION MUNICIPAL DE ANCUD DE EDUCACION SALUD Y ATENCION AL MENOR
MU006;MUNICIPALIDAD DE ANCUD
MA032;ASOCIACION DE MUNICIPIOS DE DESARROLLO INTERCOMUNAL DE CHILOE (AMUDICH)
CM156;CORPORACION MUNICIPAL DE ANCUD
CM161;CORPORACION MUNICIPAL DE CHONCHI
MU046;MUNICIPALIDAD DE CHONCHI
CM020;CORPORACION DE EDUCACION SALUD Y ATENCION DE MENORES CHONCHI CHILOE
CM037;CORPORACION MUNICIPAL DE CURACO DE VELEZ
MU074;MUNICIPALIDAD DE CURACO DE VELEZ
CM012;CORPORACION MUNICIPAL DE EDUCACION Y SERVICIOS RAMON FREIRE DALCAHUE
MU079;MUNICIPALIDAD DE DALCAHUE
CM242;CORPORACION MUNICIPAL DE PUQUELDON
MU240;MUNICIPALIDAD DE PUQUELDON
CM004;CORPORACION MUNICIPAL DE QUEILEN
MU246;MUNICIPALIDAD DE QUEILEN
CM243;CORPORACION MUNICIPAL DE QUEILEN
CM244;CORPORACION MUNICIPAL DE QUELLON
MU247;MUNICIPALIDAD DE QUELLON
MU248;MUNICIPALIDAD DE QUEMCHI
CM246;CORPORACION MUNICIPAL DE QUINCHAO
MU255;MUNICIPALIDAD DE QUINCHAO
MA024;ASOCIACION DE MUNICIPALIDADES DE LA PROVINCIA DE OSORNO PARA EL MANEJO SUSTENTABLE DE RESIDUOS Y LA GESTION AMBIENTAL
CM270;CORPORACION PARA EL DESARROLLO DE LA PROVINCIA DE OSORNO (CORPOSORNO)
AO034;SERVICIO DE SALUD OSORNO
MU191;MUNICIPALIDAD DE OSORNO
AB057;DELEGACION PRESIDENCIAL PROVINCIAL DE OSORNO
UN015;UNIVERSIDAD DE LOS LAGOS
AO089;HOSPITAL DE OSORNO
CM082;CORPORACION CULTURAL DE OSORNO
MU235;MUNICIPALIDAD DE PUERTO OCTAY
MU242;MUNICIPALIDAD DE PURRANQUE
MU245;MUNICIPALIDAD DE PUYEHUE
MU274;MUNICIPALIDAD DE RIO NEGRO
MU293;MUNICIPALIDAD DE SAN JUAN DE LA COSTA
MU296;MUNICIPALIDAD DE SAN PABLO
AB060;DELEGACION PRESIDENCIAL PROVINCIAL DE PALENA
MU036;MUNICIPALIDAD DE CHAITEN
MU095;MUNICIPALIDAD DE FUTALEUFU
MU103;MUNICIPALIDAD DE HUALAIHUE
MU198;MUNICIPALIDAD DE PALENA
AP032;SEREMI DE VIVIENDA Y URBANISMO REGION DE LOS LAGOS
CM106;CORPORACION CULTURAL MUNICIPALIDAD DE COYHAIQUE
AP033;SEREMI DE VIVIENDA Y URBANISMO REGION DE AYSEN
AO036;SERVICIO DE SALUD AYSEN
AB010;DELEGACION PRESIDENCIAL REGIONAL DE AYSEN DEL GENERAL CARLOS IBANEZ DEL CAMPO
AO052;SEREMI DE SALUD DE AYSEN
AO059;HOSPITAL REGIONAL COYHAIQUE
MU070;MUNICIPALIDAD DE COYHAIQUE
AB061;GOBERNACION DE COYHAIQUE (DEROGADA POR DELEGACION PRESIDENCIAL REGIONAL DE AYSEN DEL GENERAL CARLOS IBANEZ DEL CAMPO)
AP013;SERVIU REGION DE AYSEN DEL GENERAL CARLOS IBANEZ DEL CAMPO
UN017;UNIVERSIDAD DE AYSEN
AB088;GOBIERNO REGIONAL DE AYSEN (GORE AYSEN)
CM198;CORPORACION MUNICIPAL DE DEPORTES Y RECREACION DE COYHAIQUE
MU129;MUNICIPALIDAD DE LAGO VERDE
CM144;CORPORACION DEL DEPORTE DE LA MUNICIPALIDAD DE AYSEN
MU013;MUNICIPALIDAD DE AYSEN
AB062;DELEGACION PRESIDENCIAL PROVINCIAL DE AYSEN
EP015;EMPRESA PORTUARIA CHACABUCO
MU047;MUNICIPALIDAD DE CISNES
CM208;CORPORACION MUNICIPAL DE DESARROLLO CULTURAL DE GUAITECAS
MU101;MUNICIPALIDAD DE GUAITECAS
CM265;CORPORACION MUNICIPAL DEL DEPORTE DE GUAITECAS
AB064;DELEGACION PRESIDENCIAL PROVINCIAL DE CAPITAN PRAT
MU050;MUNICIPALIDAD DE COCHRANE
MU187;MUNICIPALIDAD DE O'HIGGINS
CM118;CORPORACION DE CULTURA IDENTIDAD Y PATRIMONIO DE TORTEL
MU326;MUNICIPALIDAD DE TORTEL
AB063;DELEGACION PRESIDENCIAL PROVINCIAL DE GENERAL CARRERA
MU041;MUNICIPALIDAD DE CHILE CHICO
MU273;MUNICIPALIDAD DE RIO IBANEZ
MA039;ASOCIACION DE MUNICIPALIDADES REGION DE AYSEN
CF013;CFT DE LA REGION DE AYSEN
AB089;GOBIERNO REGIONAL DE MAGALLANES Y DE LA ANTARTICA CHILENA (GORE MAGALLANES)
AC005;INSTITUTO ANTARTICO CHILENO (INACH)
AB066;GOBERNACION DE MAGALLANES (DEROGADA POR DELEGACION PRESIDENCIAL REGIONAL DE MAGALLANES Y LA ANTARTICA CHILENA)
CF010;CFT MAGALLANES
CM241;ZZZ CORPORACION MUNICIPAL DE PUNTA ARENAS PARA LA EDUCACION SALUD Y ATENCION AL MENOR
AO082;HOSPITAL CLINICO MAGALLANES DR LAUTARO NAVARRO AVARIA
AB015;DELEGACION PRESIDENCIAL REGIONAL DE MAGALLANES Y LA ANTARTICA CHILENA
CM046;CORPORACION MUNICIPAL DE PUNTA ARENAS PARA LA EDUCACION SALUD Y ATENCION AL MENOR (CORMUPA)
AP014;SERVIU REGION DE MAGALLANES Y LA ANTARTICA CHILENA
CM085;CORPORACION CULTURAL DE PUNTA ARENAS
MU239;MUNICIPALIDAD DE PUNTA ARENAS
AO038;SERVICIO DE SALUD MAGALLANES
AO053;SEREMI DE SALUD DE MAGALLANES Y ANTARTICA CHILENA
MA019;ASOCIACION REGIONAL DE MUNICIPALIDADES DE MAGALLANES Y ANTARTICA CHILENA (AMUMAG)
UN016;UNIVERSIDAD DE MAGALLANES
AP034;SEREMI DE VIVIENDA Y URBANISMO REGION DE MAGALLANES Y ANTARTICA CHILENA
EP014;EMPRESA PORTUARIA AUSTRAL
MU130;MUNICIPALIDAD DE LAGUNA BLANCA
MU275;MUNICIPALIDAD DE RIO VERDE
MU288;MUNICIPALIDAD DE SAN GREGORIO
MU017;MUNICIPALIDAD DE CABO DE HORNOS Y ANTARTICA
AB068;DELEGACION PRESIDENCIAL PROVINCIAL DE LA ANTARTICA CHILENA
AB067;DELEGACION PRESIDENCIAL PROVINCIAL DE TIERRA DEL FUEGO
MU225;MUNICIPALIDAD DE PORVENIR
CM188;CORPORACION MUNICIPAL DE DEPORTES DE PORVENIR
MU227;MUNICIPALIDAD DE PRIMAVERA
MU320;MUNICIPALIDAD DE TIMAUKEL
AB065;DELEGACION PRESIDENCIAL PROVINCIAL DE ULTIMA ESPERANZA
MU234;MUNICIPALIDAD DE PUERTO NATALES
CM240;CORPORACION MUNICIPAL DE PUERTO NATALES
CM173;CORPORACION MUNICIPAL DE CULTURA TURISMO Y PATRIMONIO DE LA COMUNA DE NATALES
CM186;CORPORACION MUNICIPAL DE DEPORTES DE NATALES
MU325;MUNICIPALIDAD DE TORRES DEL PAINE
AE032;COMITE PARA LA FIJACION DE LIMITES A LAS TASAS DE INTERCAMBIO (CTDI)
BC003;SERVICIO NACIONAL DEL PATRIMONIO CULTURAL
AE033;DEFENSOR NACIONAL DE LA DEFENSORIA DEL CONTRIBUYENTE (DEDECON)
AL005;INSTITUTO DE PREVISION SOCIAL (IPS)
AQ001;SUBSECRETARIA DE BIENES NACIONALES
PP054;PARTIDO REGIONALISTA INDEPENDIENTE DEMOCRATA (PRI)
AI001;SUBSECRETARIA DE EVALUACION SOCIAL
AH011;SUBSECRETARIA DE TURISMO
AK005;DEFENSORIA PENAL PUBLICA (DPP)
AL008;SUPERINTENDENCIA DE PENSIONES (SP)
AT001;SERVICIO NACIONAL DE LA MUJER Y LA EQUIDAD DE GENERO (SERNAMEG)
AD013;DIRECCION GENERAL DE MOVILIZACION NACIONAL (DGMN)
AJ009;JUNTA NACIONAL DE AUXILIO ESCOLAR Y BECAS (JUNAEB)
AC003;DIRECCION NACIONAL DE FRONTERAS Y LIMITES DEL ESTADO (DIFROL)
AO002;SUBSECRETARIA DE REDES ASISTENCIALES
AE008;SUPERINTENDENCIA DE BANCOS E INSTITUCIONES FINANCIERAS (SBIF) DEROGADA POR LA CMF
AK012;SUBSECRETARIA DE DERECHOS HUMANOS
AO070;HOSPITAL SAN BORJA ARRIARAN
AK006;GENDARMERIA DE CHILE
AJ005;DIRECCION DE BIBLIOTECAS ARCHIVOS Y MUSEOS (DIBAM)
AG001;SUBSECRETARIA GENERAL DE GOBIERNO (SEGEGOB)
AH001;SUBSECRETARIA DE ECONOMIA (MINECON)
AZ001;COMISION NACIONAL DE ACREDITACION (CNA)
AH009;SERVICIO NACIONAL DEL CONSUMIDOR (SERNAC)
AJ025;SUBSECRETARIA DE EDUCACION SUPERIOR
MA007;ASOCIACION CHILENA DE MUNICIPALIDADES
AK001;SUBSECRETARIA DE JUSTICIA
PP051;PARTIDO MAS REGION
AR002;COMISION NACIONAL DE RIEGO (CNR)
AJ021;SUPERINTENDENCIA DE EDUCACION SUPERIOR
AD010;POLICIA DE INVESTIGACIONES (PDI)
AJ014;SUBSECRETARIA DE EDUCACION PARVULARIA
AJ010;JUNTA NACIONAL DE JARDINES INFANTILES (JUNJI)
AH005;FISCALIA NACIONAL ECONOMICA (FNE)
AI009;SUBSECRETARIA DE LA NINEZ
AU002;SUBSECRETARIA DE ENERGIA
BD001;SUBSECRETARIA DE CIENCIA TECNOLOGIA CONOCIMIENTO E INNOVACION
AE001;SUBSECRETARIA DE HACIENDA
AK002;SERVICIO DE REGISTRO CIVIL E IDENTIFICACION
AP007;SERVIU REGION METROPOLITANA DE SANTIAGO
PP025;PARTIDO SOCIALISTA DE CHILE PS
AM010;DIRECCION DE VIALIDAD (VIALIDAD)
AL006;INSTITUTO DE SEGURIDAD LABORAL (ISL)
UN011;UNIVERSIDAD METROPOLITANA DE CIENCIAS DE LA EDUCACION (UMCE)
AW002;SUBSECRETARIA DEL MEDIO AMBIENTE (MMA)
AM001;SUBSECRETARIA DE OBRAS PUBLICAS (MOP)
AU004;SUPERINTENDENCIA DE ELECTRICIDAD Y COMBUSTIBLES (SEC)
AD006;EJERCITO DE CHILE
AD021;SUBSECRETARIA DE DEFENSA
AB081;GOBIERNO REGIONAL METROPOLITANO DE SANTIAGO  (GORE METROPOLITANO)
AO045;SEREMI DE SALUD  METROPOLITANO DE SANTIAGO
AD022;SUBSECRETARIA PARA LAS FUERZAS ARMADAS (SSFFAA)
AJ001;SUBSECRETARIA DE EDUCACION (MINEDUC)
AR003;CORPORACION NACIONAL FORESTAL (CONAF)
AB099;SERVICIO NACIONAL DE MIGRACIONES
AW004;SERVICIO DE EVALUACION AMBIENTAL (SEA)
AM007;DIRECCION DE OBRAS HIDRAULICAS (DOH)
AN001;SUBSECRETARIA DE TRANSPORTES (MTT)
AO001;SUBSECRETARIA DE SALUD PUBLICA (MINSAL)
CT001;CONSEJO PARA LA TRANSPARENCIA (CPLT)
PP060;PARTIDO UNION PATRIOTICA
AE003;TESORERIA GENERAL DE LA REPUBLICA (TGR)
AM006;DIRECCION GENERAL DE AGUAS (DGA)
AR006;SERVICIO AGRICOLA Y GANADERO (SAG)
PP053;PARTIDO DE TRABAJADORES REVOLUCIONARIOS (PTR)
NR001;PODER JUDICIAL
PP009;PARTIDO DEMOCRATA CRISTIANO (PDC)
EP030;EMPRESA DE SERVICIOS SANITARIOS LAGO PENUELAS
AR010;CENTRO DE INFORMACION DE RECURSOS NATURALES (CIREN)
EP028;CASA DE MONEDA DE CHILE
EP029;COMERCIALIZADORA DE TRIGO COTRISA
AD012;DEFENSA CIVIL DE CHILE
AB005;SERVICIO DE GOBIERNO INTERIOR
PP033;PARTIDO AMPLITUD
EP022;FABRICAS Y MAESTRANZAS DEL EJERCITO (FAMAE)
AE013;ADMINISTRADORA DE LOS TRIBUNALES TRIBUTARIOS Y ADUANEROS (ATTA)
AH004;CORPORACION DE FOMENTO DE LA PRODUCCION (CORFO)
EP032;CENTRO DE INVESTIGACION MINERA Y METALURGICA
PP040;PARTIDO IZQUIERDA CIUDADANA
PP039;PARTIDO IGUALDAD (PI)
PP027;PARTIDO POLITICO COMUNES
PP047;PARTIDO DE TRABAJADORES REVOLUCIONARIOS (DEROGADO)
AC002;DIRECCION GENERAL DE RELACIONES ECONOMICAS INTERNACIONALES (DIRECON)
AR009;FUNDACION DE COMUNICACION CAPACITACION Y CULTURA DEL AGRO (FUCOA)
PP022;PARTIDO RADICAL DE CHILE
UN010;UNIVERSIDAD DE CHILE (UCHILE)
NR002;CONTRALORIA GENERAL DE LA REPUBLICA (CGR)
AD015;CAJA DE PREVISION DE LA DEFENSA NACIONAL (CAPREDENA)
PP019;PARTIDO POR LA DEMOCRACIA (PPD)
PP007;PARTIDO COMUNISTA DE CHILE (PCCH)
MA047;ASOCIACION DE MUNICIPALIDADES CON CENTROS DE MONTANA
EP002;BANCO DEL ESTADO DE CHILE (BANCO ESTADO)
EP024;POLLA CHILENA DE BENEFICENCIA S.A.
EP011;EMPRESA NACIONAL DEL PETROLEO (ENAP)
EP006;EMPRESA DE CORREOS DE CHILE (CORREOS)
AD009;CARABINEROS DE CHILE
MA001;ASOCIACION DE MUNICIPALIDADES RURALES DE LA REGION METROPOLITANA DE SANTIAGO (AMUR)
EP008;EMPRESA NACIONAL DE AERONAUTICA DE CHILE
AD018;SERVICIO AEROFOTOGRAMETRICO FACH (SAF)
AJ007;CONSEJO DE CALIFICACION CINEMATOGRAFICA
AH014;TRIBUNAL DE PROPIEDAD INDUSTRIAL (TDPI)
EP023;METRO S.A.
EP003;CORPORACION NACIONAL DEL COBRE DE CHILE (CODELCO)
AE006;SERVICIO DE IMPUESTOS INTERNOS (SII)
EP005;EMPRESA DE ABASTECIMIENTO DE ZONAS AISLADAS (EMAZA)
EP009;EMPRESA NACIONAL DE MINERIA (ENAMI)
EP004;EMPRESA CONCESIONARIA DE SERVICIOS SANITARIOS (ECONSSA)
AB006;SERVICIO ELECTORAL (SERVEL)
AD019;SERVICIO HIDROGRAFICO Y OCEANOGRAFICO DE LA ARMADA (SHOA)
EP007;EMPRESA DE FERROCARRILES DEL ESTADO (EFE)
FU003;FUNDACION PARA LA PROMOCION Y DESARROLLO DE LA MUJER  (PRODEMU)
AJ011;SUPERINTENDENCIA DE EDUCACION DIRECCION NACIONAL
AE012;SUPERINTENDENCIA DE CASINOS DE JUEGO (SCJ)
AL003;DIRECCION DEL TRABAJO (DT)
AI003;SERVICIO NACIONAL DE DISCAPACIDAD (SENADIS)
AL002;SUBSECRETARIA DE PREVISION SOCIAL (SPS)
AI010;SERVICIO NACIONAL DE PROTECCION ESPECIALIZADA A LA NINEZ Y ADOLESCENCIA
AL001;SUBSECRETARIA DEL TRABAJO (MINTRAB)
AB001;SUBSECRETARIA DEL INTERIOR
AM014;DIRECCION GENERAL DE CONCESIONES (DGC)
AU001;COMISION NACIONAL DE ENERGIA (CNE)
AE009;COMISION PARA EL MERCADO FINANCIERO  CMF EX SVS
AO004;FONDO NACIONAL DE SALUD (FONASA)
MU308;MUNICIPALIDAD DE SANTIAGO
AC001;SUBSECRETARIA DE RELACIONES EXTERIORES (MINREL)
AW003;SUPERINTENDENCIA DEL MEDIO AMBIENTE (SMA)
AR004;INSTITUTO DE DESARROLLO AGROPECUARIO (INDAP)
NR009;CONVENCION CONSTITUCIONAL
BC002;SUBSECRETARIA DEL PATRIMONIO CULTURAL
AP001;SUBSECRETARIA DE VIVIENDA Y URBANISMO (MINVU)
AD007;ARMADA DE CHILE
UN009;UNIVERSIDAD TECNOLOGICA METROPOLITANA (UTEM)
AC007;SUBSECRETARIA DE RELACIONES ECONOMICAS INTERNACIONALES
CM066;CORPORACION CULTURAL BALMACEDA ARTE JOVEN
AI004;FONDO DE SOLIDARIDAD E INVERSION SOCIAL (FOSIS)
UN008;UNIVERSIDAD DE SANTIAGO DE CHILE (USACH)
AI008;SUBSECRETARIA DE SERVICIOS SOCIALES
AN002;SUBSECRETARIA DE TELECOMUNICACIONES (SUBTEL)
CM088;CORPORACION CULTURAL DE SANTIAGO
CM093;CORPORACION CULTURAL ESTACION MAPOCHO
AO071;HOSPITAL SAN JOSE
AP025;SEREMI DE VIVIENDA Y URBANISMO REGION METROPOLITANA
AD016;DIRECCION DE PREVISION DE CARABINEROS DE CHILE (DIPRECA)
AM013;FISCALIA MOP
AY001;INSTITUTO NACIONAL DE PROPIEDAD INDUSTRIAL (INAPI)
AM005;DIRECCION DE ARQUITECTURA (DARQ)
AA001;PRESIDENCIA DE LA REPUBLICA
CM140;CORPORACION DE GESTION CULTURAL CENTRO DE EXTENSION INSTITUTO NACIONAL JOSE MIGUEL CARRERA
CM149;CORPORACION ESPACIO PARA EL ARTE ARTEQUIN
AL009;SUPERINTENDENCIA DE SEGURIDAD SOCIAL (SUSESO)
AO006;SUPERINTENDENCIA DE SALUD (SDS)
NR007;TRIBUNAL CONSTITUCIONAL (TC)
AO075;HOSPITAL SAN JUAN DE DIOS
AM002;DIRECCION GENERAL DE OBRAS PUBLICAS (DGOP)
AM003;DIRECCION DE CONTABILIDAD Y FINANZAS (DCYF)
FU005;FUNDACION ARTESANIAS DE CHILE
EP025;SISTEMA DE EMPRESAS PUBLICAS (SEP)
CM276;CORPORACION SANTIAGO INNOVA
AM009;DIRECCION DE PLANEAMIENTO (DIRPLAN)
AL007;SERVICIO NACIONAL DE CAPACITACION Y EMPLEO (SENCE)
AR005;OFICINAS DE ESTUDIOS Y POLITICAS AGRARIAS (ODEPA)
AB021;DELEGACION PRESIDENCIAL REGIONAL METROPOLITANA
AH007;INSTITUTO NACIONAL DE ESTADISTICAS (INE)
AC004;AGENCIA CHILENA DE COOPERACION INTERNACIONAL PARA EL DESARROLLO (AGCID)
AJ008;AGENCIA NACIONAL DE INVESTIGACION Y DESARROLLO ANID
AJ012;AGENCIA DE CALIDAD DE LA EDUCACION
AL004;DIRECCION GENERAL DE CREDITO PRENDARIO (DICREP)
AM008;DIRECCION DE OBRAS PORTUARIAS (DOP)
AM012;INSTITUTO NACIONAL DE HIDRAULICA (INH)
AE011;DIRECCION DE COMPRAS Y CONTRATACION PUBLICA (CHILECOMPRA)
AF001;SUBSECRETARIA GENERAL DE LA PRESIDENCIA (SEGPRES)
NR008;FISCALIA DE CHILE (MINISTERIO PUBLICO)
AS001;SUBSECRETARIA DE MINERIA
AK004;SERVICIO NACIONAL DE MENORES (SENAME)
AB091;SUBSECRETARIA DE PREVENCION DEL DELITO
AM011;SUPERINTENDENCIA DE SERVICIOS SANITARIOS (SISS)
AB092;SERVICIO NACIONAL PARA LA PREVENCION Y REHABILITACION DEL CONSUMO DE DROGAS Y ALCOHOL (SENDA)
BB001;SUBSECRETARIA DE LA MUJER Y LA EQUIDAD DE GENERO
AI006;SERVICIO NACIONAL DEL ADULTO MAYOR (SENAMA)
AH012;SERVICIO DE COOPERACION TECNICA (SERCOTEC)
AB004;OFICINA NACIONAL DE EMERGENCIA (ONEMI)
AE004;DIRECCION NACIONAL DEL SERVICIO CIVIL
AE002;DIRECCION DE PRESUPUESTOS (DIPRES)
AU003;COMISION CHILENA DE ENERGIA NUCLEAR (CCHEN)
AH013;SUPERINTENDENCIA DE INSOLVENCIA Y REEMPRENDIMIENTO
AB002;SUBSECRETARIA DE DESARROLLO REGIONAL Y ADMINISTRATIVO (SUBDERE)
AE005;UNIDAD DE ANALISIS FINANCIERO
AJ002;CONSEJO DE RECTORES
FU006;FUNDACION DE LAS FAMILIAS
AO069;HOSPITAL DE URGENCIA ASISTENCIA PUBLICA (HUAP)
AJ018;DIRECCION DE EDUCACION PUBLICA
AX001;CONSEJO DE DEFENSA DEL ESTADO (CDE)
FU001;FUNDACION INTEGRA
AN003;JUNTA DE AERONAUTICA CIVIL (JAC)
AM004;DIRECCION DE AEROPUERTOS (DAP)
AS002;COMISION CHILENA DEL COBRE (COCHILCO)
AD023;ESTADO MAYOR CONJUNTO (EMCO)
AL010;COMISION DEL SISTEMA NACIONAL DE CERTIFICACION DE COMPETENCIAS LABORALES
AO107;INSTITUTO TRAUMATOLOGICO
AI005;INSTITUTO NACIONAL DE LA JUVENTUD (INJUV)
AO009;SERVICIO DE SALUD METROPOLITANO OCCIDENTE
AK008;CORPORACION DE ASISTENCIA JUDICIAL DE LA REGION METROPOLITANA (CAJMETRO)
AH003;AGENCIA DE PROMOCION DE LA INVERSION EXTRANJERA
AR001;SUBSECRETARIA DE AGRICULTURA
AB003;AGENCIA NACIONAL DE INTELIGENCIA (ANI)
AO007;SERVICIO DE SALUD METROPOLITANO CENTRAL
AD008;FUERZA AEREA DE CHILE (INCLUYE AL SERVICIO AEROFOTOGRAMETRICO)
MU034;MUNICIPALIDAD DE CERRILLOS
CM160;CORPORACION DEL DEPORTE E INCLUSION DE CERRO NAVIA
CM022;CORPORACION DE DESARROLLO SOCIAL DE CERRO NAVIA (CORMUCENA)
MU035;MUNICIPALIDAD DE CERRO NAVIA
CM164;CORPORACION MUNICIPAL DE CONCHALI
MU062;MUNICIPALIDAD DE CONCHALI
MU082;MUNICIPALIDAD DE EL BOSQUE
CM119;CORPORACION DE DEPORTE DE ESTACION CENTRAL CORMUDEP
CM069;CORPORACION CULTURAL DE ESTACION CENTRAL
CM219;CORPORACION MUNICIPAL DE FOMENTO AL DESARROLLO ECONOMICO Y PRODUCTIVO DE ESTACION CENTRAL
MU089;MUNICIPALIDAD DE ESTACION CENTRAL
MU109;MUNICIPALIDAD DE HUECHURABA
AK003;SERVICIO MEDICO LEGAL (SML)
CM115;CORPORACION DE CULTURA Y PATRIMONIO DE INDEPENDENCIA
MA041;ASOCIACION DE MUNICIPIOS MAPOCHO  LA CHIMBA
CM207;CORPORACION DE DESARROLLO SOCIAL DE LA MUNICIPALIDAD DE INDEPENDENCIA
CM125;CORPORACION DE DEPORTES DE INDEPENDENCIA
AO108;INSTITUTO NACIONAL DEL CANCER
AO008;SERVICIO DE SALUD METROPOLITANO NORTE
MU111;MUNICIPALIDAD DE INDEPENDENCIA
AO072;HOSPITAL ROBERTO DEL RIO
MA050;ASOCIACION METROPOLITANA DE MUNICIPALIDADES DE SANTIAGO SUR PARA LA GESTION AMBIENTAL Y DE RESIDUOS (MSUR)
MU117;MUNICIPALIDAD DE LA CISTERNA
MU120;MUNICIPALIDAD DE LA FLORIDA
CM113;CORPORACION DE CULTURA LA FLORIDA
CM250;ZZZ CORPORACION MUNICIPAL DE SALUD Y EDUCACION DE LA FLORIDA (COMUDEF)
CM129;CORPORACION DE DEPORTES LA FLORIDA
CM217;CORPORACION MUNICIPAL DE FOMENTO AL DESARROLLO COMUNAL Y PRODUCTIVO DE LA FLORIDA (COFODEP)
CM027;CORPORACION MUNICIPAL DE LA FLORIDA
CM070;CORPORACION CULTURAL DE LA COMUNA DE LA GRANJA
MU121;MUNICIPALIDAD DE LA GRANJA
FU002;FUNDACION TIEMPOS NUEVOS (MIM)
CM194;CORPORACION MUNICIPAL DE DEPORTES LA PINTANA
CM168;CORPORACION MUNICIPAL DE CULTURA LA PINTANA
MU124;MUNICIPALIDAD DE LA PINTANA
MA006;ASOCIACION DE MUNICIPALIDADES PARQUE CORDILLERA
AR007;FUNDACION PARA LA INNOVACION AGRARIA (FIA)
CM281;CORPORACION CLUB LA REINA
CM065;CORPORACION CULTURAL ALDEA DEL ENCUENTRO LA REINA
CM073;CORPORACION CULTURAL DE LA REINA
CM134;CORPORACION DE DEPORTES Y RECREACION LA REINA
CM225;CORPORACION MUNICIPAL DE LA REINA
MU125;MUNICIPALIDAD DE LA REINA
CM139;CORPORACION DE EDUCACION Y SALUD DE LAS CONDES
MA018;ASOCIACION DE MUNICIPALIDADES DE CHILE AMUCH
CM075;CORPORACION CULTURAL DE LAS CONDES
MU135;MUNICIPALIDAD DE LAS CONDES
PP031;PARTIDO TODOS
MA009;ASOCIACION DE MUNICIPALIDADES DE LA ZONA ORIENTE DE LA REGION METROPOLITANA
PP056;PARTIDO REPUBLICANO DE CHILE
MA051;ASOCIACION DE MUNICIPALIDADES PARA LA SEGURIDAD CIUDADANA EN LA ZONA ORIENTE
MU144;MUNICIPALIDAD DE LO BARNECHEA
CM076;CORPORACION CULTURAL DE LO BARNECHEA
MU145;MUNICIPALIDAD DE LO ESPEJO
FU010;FUNDACION CENTRO CULTURAL DE LO PRADO
CM185;CORPORACION MUNICIPAL DE DEPORTES DE LO PRADO
CM040;CORPORACION MUNICIPAL DE LO PRADO
AJ016;SERVICIO LOCAL DE EDUCACION PUBLICA DE BARRANCAS
MU146;MUNICIPALIDAD DE LO PRADO
CM041;CORPORACION MUNICIPAL DE MACUL
MU161;MUNICIPALIDAD DE MACUL
MU163;MUNICIPALIDAD DE MAIPU
CM007;CORPORACION MUNICIPAL DE SERVICIOS Y DESARROLLO DE MAIPU (CODEDUC)
AO111;HOSPITAL EL CARMEN DR. LUIS VALENTIN FERRADA
AO015;CENTRO DE REFERENCIA DE SALUD DE MAIPU (CRSM)
CM081;CORPORACION CULTURAL DE NUNOA
PP032;PARTIDO LIBERAL DE CHILE(PL)
CM063;CORPORACION MUNICIPAL DE DEPORTES DE NUNOA
AO005;INSTITUTO DE SALUD PUBLICA (ISP)
MU186;MUNICIPALIDAD DE NUNOA
CM195;CORPORACION MUNICIPAL DE DEPORTES NUNOA
AR011;INSTITUTO FORESTAL (INFOR)
AO003;CENTRAL DE ABASTECIMIENTO DEL SISTEMA NACIONAL DE SERVICIOS DE SALUD (CENABAST)
CM001;CORPORACION MUNICIPAL DE DESARROLLO SOCIAL DE NUNOA
MU205;MUNICIPALIDAD DE PEDRO AGUIRRE CERDA
MU212;MUNICIPALIDAD DE PENALOLEN
AO014;CENTRO DE REFERENCIA DE SALUD DE PENALOLEN CORDILLERA ORIENTE (CRSORIENTE)
CM005;CORPORACION MUNICIPAL DE PENALOLEN (CORMUP)
CM083;CORPORACION CULTURAL DE PENALOLEN
CM234;CORPORACION MUNICIPAL DE DESARROLLO ECONOMICO DE PENALOLEN (YUNUS)
AO076;INSTITUTO NACIONAL DE REHABILITACION PEDRO AGUIRRE CERDA
CF008;CFT DE LA REGION METROPOLITANA
CM133;CORPORACION DE DEPORTES Y RECREACION DE PENALOLEN
AO106;HOSPITAL LUIS TISNE
NR011;JUNTA NACIONAL DE CUERPOS DE BOMBEROS DE CHILE
CM237;CORPORACION MUNICIPAL DE PROVIDENCIA
AO010;SERVICIO DE SALUD METROPOLITANO ORIENTE
BA001;SUBSECRETARIA DEL DEPORTE
AO078;INSTITUTO NACIONAL DE GERIATRIA (INGER)
AS004;SERVICIO NACIONAL DE GEOLOGIA Y MINERIA (SERNAGEOMIN)
PP021;PARTIDO PROGRESISTA (PRO) (DEROGADO)
PP034;PARTIDO FEDERACION REGIONALISTA VERDE SOCIAL  (FREVS)
PP052;PARTIDO PROGRESISTA DE CHILE
PP029;PARTIDO REVOLUCION DEMOCRATICA (RD)
AR008;INSTITUTO DE INVESTIGACIONES AGROPECUARIAS (INIA)
PP028;PARTIDO RENOVACION NACIONAL (RN)
PP011;PARTIDO EVOLUCION POLITICA (EVOPOLI)
BA002;INSTITUTO NACIONAL DEL DEPORTE (IND)
AJ003;CONSEJO NACIONAL DE EDUCACION (CNED)
PP030;PARTIDO CIUDADANOS
PP026;PARTIDO UNION DEMOCRATA INDEPENDIENTE  UDI
PP014;PARTIDO HUMANISTA (PH)
EP026;TELEVISION NACIONAL DE CHILE (TVN)
CO005;DEFENSORIA DE LOS DERECHOS DE LA NINEZ
AO109;HOSPITAL LUIS CALVO MACKENNA
CO001;INSTITUTO NACIONAL DE DERECHOS HUMANOS (INDH)
AO105;INSTITUTO NACIONAL DEL TORAX
AO079;HOSPITAL DEL SALVADOR
MU228;MUNICIPALIDAD DE PROVIDENCIA
FU004;FUNDACION DE ORQUESTAS JUVENILES E INFANTILES DE CHILE (FOJI)
AH008;SERVICIO NACIONAL DE TURISMO (SERNATUR)
FU008;FUNDACION CULTURAL PROVIDENCIA
AG003;CONSEJO NACIONAL DE TELEVISION (CNTV)
AD020;DIRECCION GENERAL DE AERONAUTICA CIVIL (DGAC)
AC006;DIRECCION GENERAL DE PROMOCION DE EXPORTACIONES
AJ004;COMISION ADMINISTRADORA DEL SISTEMA DE CREDITOS PARA ESTUDIOS SUPERIORES (INGRESA)
AO077;INSTITUTO DE NEUROCIRUGIA
MA056;ASOCIACION DE MUNICIPIOS METROPOLITANOS PARA LA SEGURIDAD CIUDADANA (AMMSEGURIDAD)
MU231;MUNICIPALIDAD DE PUDAHUEL
CM238;CORPORACION MUNICIPAL DE PUDAHUEL
CM110;CORPORACION CULTURAL SOCIAL Y DEPORTIVA MUNICIPAL DE QUILICURA
MU250;MUNICIPALIDAD DE QUILICURA
CM247;CORPORACION MUNICIPAL DE DEPORTE QUINTA NORMAL
AO073;HOSPITAL FELIX BULNES
MU257;MUNICIPALIDAD DE QUINTA NORMAL
FU007;FUNDACION CHILENTER
CM029;CORPORACION MUNICIPAL DE QUINTA NORMAL
MA053;ASOCIACION CHILENA DE MUNICIPALIDADES CON FARMACIAS POPULARES (ACHIFARP)
CM086;CORPORACION CULTURAL DE RECOLETA
CM141;CORPORACION DE INNOVACION Y DESARROLLO ECONOMICO Y SOCIAL INNOVA RECOLETA
MU263;MUNICIPALIDAD DE RECOLETA
CM180;CORPORACION MUNICIPAL DE DEPORTE Y RECREACION DE RECOLETA
AO100;INSTITUTO PSIQUIATRICO
MA065;ASOCIACION DE MUNICIPALIDADES LIBRES (AML)
AP017;PARQUE METROPOLITANO DE SANTIAGO
CM249;CORPORACION MUNICIPAL DE RENCA
CM061;CORPORACION MUNICIPAL DE DESARROLLO ECONOMICO CULTURA Y DEPORTE DE RENCA
MU265;MUNICIPALIDAD DE RENCA
CM167;CORPORACION MUNICIPAL DE CULTURA DE SAN JOAQUIN
CM030;CORPORACION MUNICIPAL DE SAN JOAQUIN
MU291;MUNICIPALIDAD DE SAN JOAQUIN
CM210;CORPORACION MUNICIPAL DE INNOVACION Y DESARROLLO ECONOMICO Y SOCIAL DE SAN JOAQUIN
CM253;CORPORACION MUNICIPAL DE DEPORTES DE SAN JOAQUIN
CM255;CORPORACION MUNICIPAL DE SAN MIGUEL
AO011;SERVICIO DE SALUD METROPOLITANO SUR
MU294;MUNICIPALIDAD DE SAN MIGUEL
AO080;HOSPITAL BARROS LUCO
AO102;HOSPITAL DR. EXEQUIEL GONZALEZ CORTES
MU301;MUNICIPALIDAD DE SAN RAMON
AO013;HOSPITAL PADRE HURTADO
MA027;ASOCIACION MUNICIPAL PARA LA SUSTENTABILIDAD AMBIENTAL AMUSA
CM092;CORPORACION CULTURAL DE VITACURA
CM175;CORPORACION MUNICIPAL DEL DEPORTE DE VITACURA
MU341;MUNICIPALIDAD DE VITACURA
CM274;CORPORACION PARQUE Y CENTRO CULTURAL BOTANICO CHAGUAL
MU232;MUNICIPALIDAD DE PUENTE ALTO
CM103;CORPORACION CULTURAL MUNICIPAL DE PUENTE ALTO
CM239;CORPORACION MUNICIPAL DE PUENTE ALTO
CM269;CORPORACION MUNICIPAL PUEBLITO DE LAS VIZCACHAS
AB070;DELEGACION PRESIDENCIAL PROVINCIAL DE CORDILLERA
CM189;CORPORACION MUNICIPAL DE DEPORTES DE PUENTE ALTO
AO012;SERVICIO DE SALUD METROPOLITANO SUR ORIENTE
AO081;HOSPITAL SOTERO DEL RIO
CM014;CORPORACION MUNICIPAL DE PIRQUE
MU221;MUNICIPALIDAD DE PIRQUE
CM254;CORPORACION MUNICIPAL DE SAN JOSE DE MAIPO
CM049;CORPORACION MUNICIPAL DE SAN JOSE DE MAIPO
MU292;MUNICIPALIDAD DE SAN JOSE DE MAIPO
MU057;MUNICIPALIDAD DE COLINA
CM162;CORPORACION MUNICIPAL DE COLINA
CM122;CORPORACION DE DEPORTES COLINA
CM114;CORPORACION DE CULTURA Y ARTES DE COLINA
CM216;CORPORACION MUNICIPAL DE DESARROLLO URBANO
AB069;DELEGACION PRESIDENCIAL PROVINCIAL DE CHACABUCO
CM074;CORPORACION CULTURAL DE LAMPA
CM145;CORPORACION DEL DEPORTE DE LAMPA
CM023;CORPORACION MUNICIPAL DEL DESARROLLO SOCIAL DE LAMPA
MU132;MUNICIPALIDAD DE LAMPA
CM215;CORPORACION MUNICIPAL DE DESARROLLO SOCIAL DE TILTIL
CM258;CORPORACION MUNICIPAL DE CULTURA DE TILTIL
CM016;CORPORACION MUNICIPAL DE DESARROLLO SOCIAL DE TILTIL
MU319;MUNICIPALIDAD DE TILTIL
MU281;MUNICIPALIDAD DE SAN BERNARDO
CM055;CORPORACION MUNICIPAL CULTURAL Y PATRIMONIAL DE SAN BERNARDO
CM033;CORPORACION MUNICIPAL DE EDUCACION Y SALUD DE SAN BERNARDO
PP049;PARTIDO ANDHA CHILE
CM251;ZZZ CORPORACION MUNICIPAL DE SAN BERNARDO
AB071;DELEGACION PRESIDENCIAL PROVINCIAL DE MAIPO
AO103;HOSPITAL EL PINO
CM025;CORPORACION DE DESARROLLO SOCIAL DE BUIN
MU014;MUNICIPALIDAD DE BUIN
MU022;MUNICIPALIDAD DE CALERA DE TANGO
CM158;CORPORACION MUNICIPAL DE CALERA DE TANGO
CM165;CORPORACION MUNICIPAL DE CULTURA DE PAINE
MU197;MUNICIPALIDAD DE PAINE
MA042;ASOCIACION DE MUNICIPALIDADES DE LA ZONA CENTRAL Y COSTA (AMUCC)
MU173;MUNICIPALIDAD DE MELIPILLA
CM231;CORPORACION MUNICIPAL DE MELIPILLA
AO074;HOSPITAL DE MELIPILLA
AB073;DELEGACION PRESIDENCIAL PROVINCIAL DE MELIPILLA
MU002;MUNICIPALIDAD DE ALHUE
MU073;MUNICIPALIDAD DE CURACAVI
MU167;MUNICIPALIDAD DE MARIA PINTO
CM028;CORPORACION MUNICIPAL DE MARIA PINTO
MU297;MUNICIPALIDAD DE SAN PEDRO
CM257;CORPORACION MUNICIPAL DE TALAGANTE
CM089;CORPORACION CULTURAL DE TALAGANTE
CM192;CORPORACION MUNICIPAL DE DEPORTES DE TALAGANTE
AB072;DELEGACION PRESIDENCIAL PROVINCIAL DE TALAGANTE
MU311;MUNICIPALIDAD DE TALAGANTE
MA049;ASOCIACION DE MUNICIPALIDADES DEL VALLE DEL MAIPO
MU084;MUNICIPALIDAD DE EL MONTE
MU113;MUNICIPALIDAD DE ISLA DE MAIPO
CM094;CORPORACION CULTURAL ISLA DE MAIPO
CM222;CORPORACION MUNICIPAL DE ISLA DE MAIPO
CM003;CORPORACION MUNICIPAL ISLA DE MAIPO
CM176;CORPORACION MUNICIPAL DE DEPORTE DE PADRE HURTADO
MU193;MUNICIPALIDAD DE PADRE HURTADO
MU211;MUNICIPALIDAD DE PENAFLOR
AJ022;SERVICIO LOCAL DE EDUCACION PUBLICA GABRIELA MISTRAL
AB055;GOBERNACION DE VALDIVIA (DEROGADA POR DELEGACION PRESIDENCIAL REGIONAL DE LOS RIOS)
MU330;MUNICIPALIDAD DE VALDIVIA
AP015;SERVIU REGION DE LOS RIOS
AO093;HOSPITAL BASE DE VALDIVIA
AB086;GOBIERNO REGIONAL DE LOS RIOS (GORE DE LOS RIOS)
AO050;SEREMI DE SALUD DE LOS RIOS
AP031;SEREMI DE VIVIENDA Y URBANISMO REGION DE LOS RIOS
MA005;ASOCIACION DE MUNICIPALIDADES DE LA REGION DE LOS RIOS PARA EL MANEJO SUSTENTABLE DE RESIDUOS Y LA GESTION AMBIENTAL
MA004;ASOCIACION DE MUNICIPIOS DE LA REGION DE LOS RIOS
AB014;DELEGACION PRESIDENCIAL REGIONAL DE LOS RIOS
AO033;SERVICIO DE SALUD VALDIVIA
CM072;CORPORACION CULTURAL DE LA ILUSTRE MUNICIPALIDAD DE VALDIVIA
CM280;CORPORACION VALDIVIA CIUDAD UNIVERSITARIA Y DEL CONOCIMIENTO
MA054;ASOCIACION DE MUNICIPIOS CORDILLERA DE LA COSTA CORRAL LA UNION
MU069;MUNICIPALIDAD DE CORRAL
MU133;MUNICIPALIDAD DE LANCO
MU154;MUNICIPALIDAD DE LOS LAGOS
MA012;ASOCIACION DE MUNICIPALIDADES PAISAJES DE CONSERVACION PARA LA BIODIVERSIDAD DE LA REGION DE LOS RIOS
MU162;MUNICIPALIDAD DE MAFIL
MU168;MUNICIPALIDAD DE MARIQUINA
MU196;MUNICIPALIDAD DE PAILLACO
CM102;CORPORACION CULTURAL MUNICIPAL DE PAILLACO
CM233;CORPORACION MUNICIPAL DE DEPORTES Y RECREACION DE PANGUIPULLI
MU200;MUNICIPALIDAD DE PANGUIPULLI
CM043;CORPORACION MUNICIPAL DE SALUD Y EDUCACION DE PANGUIPULLI
AB056;DELEGACION PRESIDENCIAL PROVINCIAL DE RANCO
MU127;MUNICIPALIDAD DE LA UNION
CF004;CFT DE LA REGION DE LOS RIOS
MU096;MUNICIPALIDAD DE FUTRONO
MA059;ASOCIACION DE MUNICIPALIDADES RED NACIONAL DE COMUNAS MAGICAS DE CHILE
MU128;MUNICIPALIDAD DE LAGO RANCO
MU270;MUNICIPALIDAD DE RIO BUENO
AB100;PRUEBA
AP016;SERVIU REGION DE ARICA Y PARINACOTA
AO039;SEREMI DE SALUD  DE ARICA Y PARINACOTA
AJ023;SERVICIO LOCAL DE EDUCACION PUBLICA CHINCHORRO
MU012;MUNICIPALIDAD DE ARICA
CM152;CORPORACION MUNICIPAL COSTA CHINCHORRO DE ARICA
UN001;UNIVERSIDAD DE TARAPACA
EP013;EMPRESA PORTUARIA ARICA
AP019;SEREMI DE VIVIENDA Y URBANISMO REGION DE ARICA Y PARINACOTA
AO058;HOSPITAL JUAN NOE DE ARICA
AB022;GOBERNACION DE ARICA (DEROGADA POR DELEGACION PRESIDENCIAL REGIONAL DE ARICA Y PARINACOTA)
AO016;SERVICIO DE SALUD ARICA
CF012;CFT DE LA REGION DE ARICA Y PARINACOTA
AB007;DELEGACION PRESIDENCIAL REGIONAL DE ARICA Y PARINACOTA
AB075;GOBIERNO REGIONAL DE ARICA Y PARINACOTA (GORE)
CM151;CORPORACION MUNICIPAL CHINCHORRO DE LA CULTURA Y ARTES DE CAMARONES
MU024;MUNICIPALIDAD DE CAMARONES
MU244;MUNICIPALIDAD DE PUTRE
AB023;DELEGACION PRESIDENCIAL PROVINCIAL DE PARINACOTA
MU098;MUNICIPALIDAD DE GENERAL LAGOS
AB094;DELEGACION PRESIDENCIAL REGIONAL DE NUBLE
AP018;SERVIU REGION DEL NUBLE
AO104;HOSPITAL HERMINDA MARTIN
AB098;GOBIERNO REGIONAL DE NUBLE (GORE)
AO117;SEREMI DE SALUD DEL NUBLE
AP028;SEREMI DE VIVIENDA Y URBANISMO REGION DE NUBLE
MU042;MUNICIPALIDAD DE CHILLAN
AB049;GOBERNACION DE NUBLE (DEROGADA)
AO026;SERVICIO DE SALUD NUBLE
MU015;MUNICIPALIDAD DE BULNES
AB095;GOBERNACION DE DIGUILLIN (DEROGADA POR DELEGACION PRESIDENCIAL REGIONAL DE NUBLE)
MU043;MUNICIPALIDAD DE CHILLAN VIEJO
MA011;ASOCIACION DE MUNICIPALIDADES TERRITORIO DE RIEGO CANAL LAJADIGUILLIN
MU083;MUNICIPALIDAD DE EL CARMEN
MU208;MUNICIPALIDAD DE PEMUCO
MU220;MUNICIPALIDAD DE PINTO
MU252;MUNICIPALIDAD DE QUILLON
MU289;MUNICIPALIDAD DE SAN IGNACIO
MU344;MUNICIPALIDAD DE YUNGAY
MA040;ASOCIACION DE MUNICIPALIDADES DEL VALLE DEL ITATA
MU259;MUNICIPALIDAD DE QUIRIHUE
AB097;DELEGACION PRESIDENCIAL PROVINCIAL DE ITATA
MU048;MUNICIPALIDAD DE COBQUECURA
MU052;MUNICIPALIDAD DE COELEMU
MU182;MUNICIPALIDAD DE NINHUE
MU224;MUNICIPALIDAD DE PORTEZUELO
MU261;MUNICIPALIDAD DE RANQUIL
MU328;MUNICIPALIDAD DE TREHUACO
AO086;HOSPITAL DE SAN CARLOS
MA022;ASOCIACION DE MUNICIPALIDADES DEL PUNILLA
AB096;DELEGACION PRESIDENCIAL PROVINCIAL DE PUNILLA
MU282;MUNICIPALIDAD DE SAN CARLOS
MU053;MUNICIPALIDAD DE COIHUECO
MU185;MUNICIPALIDAD DE NIQUEN
MU285;MUNICIPALIDAD DE SAN FABIAN
MU295;MUNICIPALIDAD DE SAN NICOLAS
MA002;ASOCIACION DE MUNICIPALIDADES DE LA REGION DE ANTOFAGASTA
AP021;SEREMI DE VIVIENDA Y URBANISMO REGION DE ANTOFAGASTA
AO018;SERVICIO DE SALUD ANTOFAGASTA
AB026;GOBERNACION DE ANTOFAGASTA (DEROGADA POR DELEGACION PRESIDENCIAL REGIONAL DE ANTOFAGASTA)
CM197;CORPORACION MUNICIPAL DE DEPORTES Y RECREACION DE ANTOFAGASTA
PP059;PARTIDO NUEVO TIEMPO
UN003;UNIVERSIDAD DE ANTOFAGASTA
CM054;CORPORACION MUNICIPAL DE FOMENTO Y DESARROLLO COMUNAL DE SIERRA GORDA
CM212;CORPORACION MUNICIPAL DE DESARROLLO SOCIAL ANTOFAGASTA
AB077;GOBIERNO REGIONAL DE ANTOFAGASTA (GORE)
AB008;DELEGACION PRESIDENCIAL REGIONAL DE ANTOFAGASTA
AO041;SEREMI DE SALUD  DE ANTOFAGASTA
EP012;EMPRESA PORTUARIA ANTOFAGASTA
CM002;CORPORACION MUNICIPAL DE DESARROLLO SOCIAL DE ANTOFAGASTA (CMDS)
MU009;MUNICIPALIDAD DE ANTOFAGASTA
AO055;HOSPITAL LEONARDO GUZMAN DE ANTOFAGASTA
CM067;CORPORACION CULTURAL DE ANTOFAGASTA
AP003;SERVIU REGION DE ANTOFAGASTA
MA020;ASOCIACION DE MUNICIPALIDADES DEL NORTE DE CHILE
MU171;MUNICIPALIDAD DE MEJILLONES
CM132;CORPORACION DE DEPORTES Y RECREACION DE MEJILLONES
CM078;CORPORACION CULTURAL DE MEJILLONES
FU012;FUNDACION CULTURAL DE SIERRA GORDA
MU310;MUNICIPALIDAD DE SIERRA GORDA
MU314;MUNICIPALIDAD DE TALTAL
AB027;DELEGACION PRESIDENCIAL PROVINCIAL DE EL LOA
CM116;CORPORACION DE CULTURA Y TURISMO DE CALAMA
CM213;CORPORACION MUNICIPAL DE DESARROLLO SOCIAL DE CALAMA
CF009;CFT DE LA REGION DE ANTOFAGASTA
MU019;MUNICIPALIDAD DE CALAMA
CM018;CORPORACION MUNICIPAL DE DESARROLLO SOCIAL DE CALAMA (COMDES)
CM056;CORPORACION MUNICIPAL DE DEPORTES Y RECREACION DE CALAMA (CORMUDEP)
MU189;MUNICIPALIDAD DE OLLAGUE
CM203;CORPORACION MUNICIPAL DE DEPORTES Y RECREACION DE SAN PEDRO DE ATACAMA
MU298;MUNICIPALIDAD DE SAN PEDRO DE ATACAMA
AB028;DELEGACION PRESIDENCIAL PROVINCIAL DE TOCOPILLA
MU322;MUNICIPALIDAD DE TOCOPILLA
CM259;CORPORACION MUNICIPAL DE TOCOPILLA
MU166;MUNICIPALIDAD DE MARIA ELENA
AO019;SERVICIO DE SALUD ATACAMA
AP004;SERVIU REGION DE ATACAMA
MU066;MUNICIPALIDAD DE COPIAPO
AB078;GOBIERNO REGIONAL DE ATACAMA (GORE)
AB030;GOBERNACION DE COPIAPO (DEROGADA POR DELEGACION PRESIDENCIAL REGIONAL DE ATACAMA)
AP022;SEREMI DE VIVIENDA Y URBANISMO REGION DE ATACAMA
AJ027;SERVICIO LOCAL DE EDUCACION PUBLICA ATACAMA
AB009;DELEGACION PRESIDENCIAL REGIONAL DE ATACAMA
MA014;ASOCIACION REGIONAL DE MUNICIPIOS DE ATACAMA
AO042;SEREMI DE SALUD  DE ATACAMA
UN004;UNIVERSIDAD DE ATACAMA
CM170;CORPORACION MUNICIPAL DE CULTURA Y DEPORTE DE COPIAPO
MU021;MUNICIPALIDAD DE CALDERA
CM172;CORPORACION MUNICIPAL DE CULTURA TURISMO Y GEOPALEONTOLOGIA
CM181;CORPORACION MUNICIPAL DE DEPORTES DE CALDERA
MU318;MUNICIPALIDAD DE TIERRA AMARILLA
CM218;CORPORACION MUNICIPAL DE FOMENTO AL DESARROLLO COMUNAL CULTURAL Y PRODUCTIVO DE TIERRA AMARILLA (CORDETA)
MU038;MUNICIPALIDAD DE CHANARAL
CM150;CORPORACION MUNICIPAL SOL DE ATACAMA EN CHANARAL
CF011;CFT DE LA REGION DE ATACAMA
AB029;DELEGACION PRESIDENCIAL PROVINCIAL DE CHANARAL
CM182;CORPORACION MUNICIPAL DE DEPORTES DE DIEGO DE ALMAGRO
MU080;MUNICIPALIDAD DE DIEGO DE ALMAGRO
AJ019;SERVICIO LOCAL DE EDUCACION PUBLICA HUASCO
MA046;ASOCIACION DE MUNICIPALIDADES DE LA PROVINCIA DEL HUASCO
AB031;DELEGACION PRESIDENCIAL PROVINCIAL DE HUASCO
MU331;MUNICIPALIDAD DE VALLENAR
CM271;CORPORACION PARA EL DESARROLLO PRODUCTIVO DEL TURISMO DE ALTO DEL CARMEN
MU004;MUNICIPALIDAD DE ALTO DEL CARMEN
MU092;MUNICIPALIDAD DE FREIRINA
MU108;MUNICIPALIDAD DE HUASCO
MU126;MUNICIPALIDAD DE LA SERENA
UN005;UNIVERSIDAD DE LA SERENA
AP005;SERVIU REGION DE COQUIMBO
AO043;SEREMI DE SALUD  DE COQUIMBO
AB079;GOBIERNO REGIONAL DE COQUIMBO  GORECOQUIMBO
CM039;CORPORACION MUNICIPAL DE LA SERENA
MA034;ASOCIACION DE MUNICIPALIDADES RURALES DEL NORTE CHICO
AO066;HOSPITAL LA SERENA
AP023;SEREMI DE VIVIENDA Y URBANISMO REGION DE COQUIMBO
AO020;SERVICIO DE SALUD COQUIMBO
AB032;GOBERNACION DE ELQUI (DEROGADA POR DELEGACION PRESIDENCIAL REGIONAL DE COQUIMBO)
CM260;CORPORACION MUNICIPAL DE TURISMO COQUIMBO
MU067;MUNICIPALIDAD DE COQUIMBO
CM057;CORPORACION MUNICIPAL DE DEPORTES RECREACION Y CULTURA DE COQUIMBO
MA035;ASOCIACION DE MUNICIPALIDADES DE LA REGION DE  COQUIMBO
AB011;DELEGACION PRESIDENCIAL REGIONAL DE COQUIMBO
AO067;HOSPITAL SAN PABLO DE COQUIMBO
EP016;EMPRESA PORTUARIA COQUIMBO
AJ017;SERVICIO LOCAL DE EDUCACION PUBLICA PUERTO CORDILLERA
MU007;MUNICIPALIDAD DE ANDACOLLO
MU122;MUNICIPALIDAD DE LA HIGUERA
CM143;CORPORACION DE TURISMO MUNICIPALIDAD DE PAIHUANO
MU195;MUNICIPALIDAD DE PAIHUANO
CM261;CORPORACION MUNICIPAL DE TURISMO DE VICUNA
MU335;MUNICIPALIDAD DE VICUNA
CM091;CORPORACION CULTURAL MUNICIPAL DE VICUNA
AB034;DELEGACION PRESIDENCIAL PROVINCIAL DE CHOAPA
CM223;CORPORACION MUNICIPAL DE LA CULTURA Y LAS ARTES DE ILLAPEL
MU110;MUNICIPALIDAD DE ILLAPEL
CM267;CORPORACION MUNICIPAL DEL DEPORTE Y RECREACION DE ILLAPEL
CM068;CORPORACION CULTURAL DE CANELA
MU026;MUNICIPALIDAD DE CANELA
MU157;MUNICIPALIDAD DE LOS VILOS
CM190;CORPORACION MUNICIPAL DE DEPORTES DE SALAMANCA
MU279;MUNICIPALIDAD DE SALAMANCA
MU192;MUNICIPALIDAD DE OVALLE
CM100;CORPORACION CULTURAL MUNICIPAL DE OVALLE
CM123;CORPORACION DE DEPORTES COMUNA DE OVALLE
AO065;HOSPITAL DE OVALLE
CF006;CFT DE LA REGION DE COQUIMBO
AB033;DELEGACION PRESIDENCIAL PROVINCIAL DE LIMARI
MU060;MUNICIPALIDAD DE COMBARBALA
MU175;MUNICIPALIDAD DE MONTE PATRIA
MU238;MUNICIPALIDAD DE PUNITAQUI
MU272;MUNICIPALIDAD DE RIO HURTADO
MA023;ASOCIACION DE MUNICIPALIDADES DE LA REGION DE VALPARAISO
MA029;ASOCIACION DE MUNICIPALIDADES DE CIUDADES PUERTO Y BORDE COSTERO
AJ029;SERVICIO LOCAL DE EDUCACION PUBLICA VALPARAISO
CM154;CORPORACION MUNICIPAL CULTURAL MUSEO DE BELLAS ARTES VALPARAISO
AE007;SERVICIO NACIONAL DE ADUANAS
AO022;SERVICIO DE SALUD VALPARAISO  SAN ANTONIO
AO044;SEREMI DE SALUD  DE VALPARAISO
NR004;BIBLIOTECA DEL CONGRESO NACIONAL (BCN)
AO096;HOSPITAL EDUARDO PEREIRA DE VALPARAISO
AD014;DIRECCION GENERAL DEL TERRITORIO MARITIMO Y MARINA MERCANTE (DIRECTEMAR)
NR005;SENADO
BC001;SUBSECRETARIA DE LAS CULTURAS Y LAS ARTES
MU332;MUNICIPALIDAD DE VALPARAISO
EP021;EMPRESA PORTUARIA VALPARAISO
AH015;INSTITUTO NACIONAL DE DESARROLLO SUSTENTABLE DE LA PESCA ARTESANAL Y DE LA ACUICULTURA DE PEQUENA ESCALA (INDESPA)
EP001;ASTILLEROS Y MAESTRANZAS DE LA ARMADA (ASMAR)
AB080;GOBIERNO REGIONAL DE VALPARAISO  (GORE)
AB036;GOBERNACION DE VALPARAISO (DEROGADA POR DELEGACION PRESIDENCIAL REGIONAL DE VALPARAISO)
AO095;HOSPITAL CARLOS VAN BUREN
AK009;CORPORACION DE ASISTENCIA JUDICIAL REGION VALPARAISO (CAJVAL)
AP006;SERVIU REGION DE VALPARAISO
CM262;CORPORACION MUNICIPAL DE VALPARAISO
CM266;CORPORACION MUNICIPAL DEL DEPORTE DE VALPARAISO
UN007;UNIVERSIDAD DE VALPARAISO
AV001;EX CONSEJO NACIONAL DE LA CULTURA Y LAS ARTES (CNCA)
NR006;CAMARA DE DIPUTADOS
AO023;SERVICIO DE SALUD VINA DEL MAR  QUILLOTA
AH010;SERVICIO NACIONAL DE PESCA Y ACUICULTURA (SERNAPESCA)
AH002;SUBSECRETARIA DE PESCA Y ACUICULTURA
UN006;UNIVERSIDAD DE PLAYA ANCHA (UPLA)
AB018;DELEGACION PRESIDENCIAL REGIONAL DE VALPARAISO
AP024;SEREMI DE VIVIENDA Y URBANISMO REGION DE VALPARAISO
MU030;MUNICIPALIDAD DE CASABLANCA
MU063;MUNICIPALIDAD DE CONCON
MU115;MUNICIPALIDAD DE JUAN FERNANDEZ
MA060;ASOCIACION DE MUNICIPALIDADES COMUNAS COSTERAS DE PUCHUNCAVIQUINTERO
MU229;MUNICIPALIDAD DE PUCHUNCAVI
MU258;MUNICIPALIDAD DE QUINTERO
CM196;CORPORACION MUNICIPAL DE DEPORTES Y DESARROLLO SOCIAL DE QUINTERO
CM171;CORPORACION MUNICIPAL DE CULTURA Y TURISMO DE LA COMUNA DE QUINTERO
MU340;MUNICIPALIDAD DE VINA DEL MAR
CM264;CORPORACION MUNICIPAL DE VINA DEL MAR
CM279;CORPORACION UN ESPACIO PARA EL ARTE Y EL MAR ARTEQUIN VINA DEL MAR
CM107;CORPORACION CULTURAL ORQUESTA SINFONICA DE VINA DEL MAR
AO098;HOSPITAL GUSTAVO FRICKE
MA030;ASOCIACION DE MUNICIPALIDADES CON CASINOS DE JUEGOS
MU114;MUNICIPALIDAD DE ISLA DE PASCUA (RAPA NUI)
AB041;DELEGACION PRESIDENCIAL PROVINCIAL DE ISLA DE PASCUA
CM148;CORPORACION EDUCACIONAL DE ISLA DE PASCUA
CM200;CORPORACION MUNICIPAL DE DEPORTES Y RECREACION DE LA ILUSTRE MUNICIPALIDAD DE ISLA DE PASCUA
EP031;SOCIEDAD AGRICOLA Y SERVICIOS ISLA DE PASCUA (SASIPA)
CM120;CORPORACION DE DEPORTE DE LOS ANDES
MU152;MUNICIPALIDAD DE LOS ANDES
AB038;DELEGACION PRESIDENCIAL PROVINCIAL DE LOS ANDES
AO101;HOSPITAL SAN JUAN DE DIOS DE LOS ANDES
MU023;MUNICIPALIDAD DE CALLE LARGA
MU269;MUNICIPALIDAD DE RINCONADA
MU284;MUNICIPALIDAD DE SAN ESTEBAN
MU123;MUNICIPALIDAD DE LA LIGUA
AB035;DELEGACION PRESIDENCIAL PROVINCIAL DE PETORCA
MU016;MUNICIPALIDAD DE CABILDO
MU202;MUNICIPALIDAD DE PAPUDO
MU215;MUNICIPALIDAD DE PETORCA
MU345;MUNICIPALIDAD DE ZAPALLAR
MU253;MUNICIPALIDAD DE QUILLOTA
AB039;DELEGACION PRESIDENCIAL PROVINCIAL DE QUILLOTA
AO099;HOSPITAL SAN MARTIN DE QUILLOTA
MU116;MUNICIPALIDAD DE LA CALERA
MU102;MUNICIPALIDAD DE HIJUELAS
MU118;MUNICIPALIDAD DE LA CRUZ
MU183;MUNICIPALIDAD DE NOGALES
CF007;CFT DE LA REGION DE VALPARAISO
AB040;DELEGACION PRESIDENCIAL PROVINCIAL DE SAN ANTONIO
CM224;CORPORACION MUNICIPAL DE LA CULTURA Y LAS ARTES DE SAN ANTONIO
MU280;MUNICIPALIDAD DE SAN ANTONIO
EP019;EMPRESA PORTUARIA SAN ANTONIO
MA061;ASOCIACION DE MUNICIPALIDADES DE LA PROVINCIA DE SAN ANTONIO (AMPSA)
CM273;CORPORACION PARA EL DESARROLLO TURISTICO PROVINCIAL DE SAN ANTONIO
AO094;HOSPITAL CLAUDIO VICUNA DE SAN ANTONIO
MU001;MUNICIPALIDAD DE ALGARROBO
MU029;MUNICIPALIDAD DE CARTAGENA
MU085;MUNICIPALIDAD DE EL QUISCO
MU086;MUNICIPALIDAD DE EL TABO
MU309;MUNICIPALIDAD DE SANTO DOMINGO
AO021;SERVICIO DE SALUD ACONCAGUA
AO054;HOSPITAL DE SAN CAMILO
MU286;MUNICIPALIDAD DE SAN FELIPE
AB037;DELEGACION PRESIDENCIAL PROVINCIAL DE SAN FELIPE
MU032;MUNICIPALIDAD DE CATEMU
MA016;ASOCIACION DE MUNICIPALIDADES DE LA REGION DE ACONCAGUA
MU143;MUNICIPALIDAD DE LLAY LLAY
CM137;CORPORACION DE DESARROLLO ECONOMICO Y PRODUCTIVO DE PANQUEHUE
MU201;MUNICIPALIDAD DE PANQUEHUE
MU243;MUNICIPALIDAD DE PUTAENDO
MU307;MUNICIPALIDAD DE SANTA MARIA
CM019;CORPORACION MUNICIPAL DE QUILPUE
AO097;HOSPITAL DE QUILPUE
AB090;DELEGACION PRESIDENCIAL PROVINCIAL DE MARGA MARGA
MU254;MUNICIPALIDAD DE QUILPUE
MU139;MUNICIPALIDAD DE LIMACHE
MU190;MUNICIPALIDAD DE OLMUE
CM009;CORPORACION MUNICIPAL PARA EL DESARROLLO SOCIAL DE VILLA ALEMANA
MU338;MUNICIPALIDAD DE VILLA ALEMANA
CM263;ZZZ CORPORACION MUNICIPAL DE VILLA ALEMANA
MU260;MUNICIPALIDAD DE RANCAGUA
CM059;CORPORACION MUNICIPAL DE DEPORTE RANCAGUA
AO024;SERVICIO DE SALUD O'HIGGINS
AB082;GOBIERNO REGIONAL DE O'HIGGINS (GORE O'HIGGINS)
MA021;ASOCIACION DE MUNICIPALIDADES DE LA REGION DE O'HIGGINS
CM142;CORPORACION DE LA CULTURA Y LAS ARTES DE LA ILUSTRE MUNICIPALIDAD DE RANCAGUA
AB042;GOBERNACION DE CACHAPOAL (DEROGADA POR DELEGACION PRESIDENCIAL REGIONAL DEL LIBERTADOR GENERAL BERNARDO O'HIGGINS)
AP026;SEREMI DE VIVIENDA Y URBANISMO REGION DEL LIBERTADOR BERNARDO O'HIGGINS
CM248;CORPORACION MUNICIPAL DE RANCAGUA
AO046;SEREMI DE SALUD DE O'HIGGINS
CM060;CORPORACION DE DESARROLLO E INNOVACION DE RANCAGUA
AP008;SERVIU REGION DEL LIBERTADOR BERNARDO O'HIGGINS
CM008;CORPORACION MUNICIPAL DE RANCAGUA (CORMUN)
UN018;UNIVERSIDAD DE O'HIGGINS
AB016;DELEGACION PRESIDENCIAL REGIONAL DEL LIBERTADOR GENERAL BERNARDO O'HIGGINS
AO088;HOSPITAL REGIONAL DE RANCAGUA
CM097;CORPORACION CULTURAL MUNICIPAL DE LA COMUNA DE CODEGUA
CM121;CORPORACION DE DEPORTE Y RECREACION DE LA COMUNA DE CODEGUA
MU051;MUNICIPALIDAD DE CODEGUA
MU054;MUNICIPALIDAD DE COINCO
MU059;MUNICIPALIDAD DE COLTAUCO
MU081;MUNICIPALIDAD DE DONIHUE
MU100;MUNICIPALIDAD DE GRANEROS
MU134;MUNICIPALIDAD DE LAS CABRAS
CM079;CORPORACION CULTURAL DE MOSTAZAL
CM201;CORPORACION MUNICIPAL DE DEPORTES Y RECREACION DE MACHALI
MU160;MUNICIPALIDAD DE MACHALI
MU164;MUNICIPALIDAD DE MALLOA
MU176;MUNICIPALIDAD DE MOSTAZAL
MU188;ILUSTRE MUNICIPALIDAD DE OLIVAR
MU216;MUNICIPALIDAD DE PEUMO
CM111;CORPORACION DE CULTURA DE PICHIDEGUA
CM146;CORPORACION DEL DEPORTE DE PICHIDEGUA
MU218;MUNICIPALIDAD DE PICHIDEGUA
MU256;MUNICIPALIDAD DE QUINTA DE TILCOCO
MU266;MUNICIPALIDAD DE RENGO
MU267;MUNICIPALIDAD DE REQUINOA
MU303;MUNICIPALIDAD DE SAN VICENTE DE TAGUA TAGUA
CM256;CORPORACION MUNICIPAL DE SAN VICENTE DE TAGUA TAGUA
CM051;CORPORACION MUNICIPAL DE SAN VICENTE
CM064;CORPORACION CULTURAL AGUSTIN ROSS  MUNICIPALIDAD DE PICHILEMU
MU219;MUNICIPALIDAD DE PICHILEMU
AB044;DELEGACION PRESIDENCIAL PROVINCIAL DE CARDENAL CARO
MU119;MUNICIPALIDAD DE LA ESTRELLA
MU141;MUNICIPALIDAD DE LITUECHE
MU165;MUNICIPALIDAD DE MARCHIGUE
MU180;MUNICIPALIDAD DE NAVIDAD
MU203;MUNICIPALIDAD DE PAREDONES
CM010;CORPORACION MUNICIPAL DE SAN FERNANDO (CORMUSAF)
CM252;CORPORACION MUNICIPAL DE SAN FERNANDO
AJ026;SERVICIO LOCAL DE EDUCACION PUBLICA COLCHAGUA
MU287;MUNICIPALIDAD DE SAN FERNANDO
AO087;HOSPITAL SAN JUAN DE DIOS DE SAN FERNANDO
AB043;DELEGACION PRESIDENCIAL PROVINCIAL DE COLCHAGUA
MU039;MUNICIPALIDAD DE CHEPICA
MU044;MUNICIPALIDAD DE CHIMBARONGO
PP006;PARTIDO MOVIMIENTO INDEPENDIENTE REGIONALISTA AGRARIO Y SOCIAL (MIRAS)
MU147;MUNICIPALIDAD DE LOLOL
MU179;MUNICIPALIDAD DE NANCAGUA
MU199;MUNICIPALIDAD DE PALMILLA
MU213;ILUSTRE MUNICIPALIDAD DE PERALILLO
MU223;MUNICIPALIDAD DE PLACILLA
MU237;MUNICIPALIDAD DE PUMANQUE
MU305;MUNICIPALIDAD DE SANTA CRUZ
AB083;GOBIERNO REGIONAL DEL MAULE (GORE MAULE)
AB046;GOBERNACION DE TALCA (DEROGADA POR DELEGACION PRESIDENCIAL REGIONAL DEL MAULE)
AB020;DELEGACION PRESIDENCIAL REGIONAL DEL MAULE
CM128;CORPORACION DE DEPORTES DE TALCA
AP027;SEREMI DE VIVIENDA Y URBANISMO REGION DE MAULE
AO085;HOSPITAL REGIONAL DE TALCA
CM135;CORPORACION DE DESARROLLO DE TALCA
MU312;MUNICIPALIDAD DE TALCA
AP009;SERVIU REGION DEL MAULE
AO025;SERVICIO DE SALUD MAULE
AO047;SEREMI DE SALUD DEL MAULE
CM112;CORPORACION DE CULTURA DE TALCA
UN012;UNIVERSIDAD DE TALCA (UTALCA)
CM108;CORPORACION CULTURAL Y DE EXTENSION DE LA ILUSTRE MUNICIPALIDAD DE CONSTITUCION
MU064;MUNICIPALIDAD DE CONSTITUCION
CM124;CORPORACION DE DEPORTES CONSTITUCION
MU077;MUNICIPALIDAD DE CUREPTO
MU087;MUNICIPALIDAD DE EMPEDRADO
CM077;CORPORACION CULTURAL DE MAULE
MU169;MUNICIPALIDAD DE MAULE
MA028;ASOCIACION DE MUNICIPALIDADES DE LA REGION DEL MAULE
MU206;MUNICIPALIDAD DE PELARCO
MU209;MUNICIPALIDAD DE PENCAHUE
MU271;MUNICIPALIDAD DE RIO CLARO
MU283;MUNICIPALIDAD DE SAN CLEMENTE
CM191;CORPORACION MUNICIPAL DE CULTURA SAN CLEMENTE
CM283;CORPORACION DE DEPORTES DE SAN CLEMENTE
MU300;MUNICIPALIDAD DE SAN RAFAEL
MU033;MUNICIPALIDAD DE CAUQUENES
AB048;DELEGACION PRESIDENCIAL PROVINCIAL DE CAUQUENES
MU037;MUNICIPALIDAD DE CHANCO
MU207;MUNICIPALIDAD DE PELLUHUE
AB045;DELEGACION PRESIDENCIAL PROVINCIAL DE CURICO
AO083;HOSPITAL DE CURICO
MU078;MUNICIPALIDAD DE CURICO
MU104;MUNICIPALIDAD DE HUALANE
MU138;MUNICIPALIDAD DE LICANTEN
CM127;CORPORACION DE DEPORTES DE PARRAL
CM202;CORPORACION MUNICIPAL DE DEPORTES Y RECREACION DE MOLINA
MU174;MUNICIPALIDAD DE MOLINA
CM211;CORPORACION MUNICIPAL DE DESARROLLO PRODUCTIVO Y TURISMO DE MOLINA
CM169;CORPORACION MUNICIPAL DE CULTURA Y ARTES DE MOLINA
MU262;MUNICIPALIDAD DE RAUCO
CM131;CORPORACION DE DEPORTES RAUCO
CM177;CORPORACION MUNICIPAL DE DEPORTE DE ROMERAL
MU276;MUNICIPALIDAD DE ROMERAL
CM071;CORPORACION CULTURAL DE LA ILUSTRE MUNICIPALIDAD DE ROMERAL
MU278;MUNICIPALIDAD DE SAGRADA FAMILIA
MU316;MUNICIPALIDAD DE TENO
CM090;CORPORACION CULTURAL DE TENO
CM126;CORPORACION DE DEPORTES DE LA ILUSTRE MUNICIPALIDAD DE TENO
MU333;MUNICIPALIDAD DE VICHUQUEN
MU140;MUNICIPALIDAD DE LINARES
AO084;HOSPITAL DE LINARES
AB047;DELEGACION PRESIDENCIAL PROVINCIAL DE LINARES
CF002;CFT DE LA REGION DEL MAULE
CM272;CORPORACION PARA EL DESARROLLO TURISTICO DE LA ZONA DEL LAGO COLBUN
MU055;MUNICIPALIDAD DE COLBUN
MU149;MUNICIPALIDAD DE LONGAVI
MU204;MUNICIPALIDAD DE PARRAL  (DIRECCION DE ASESORIA JURIDICA)
CM109;CORPORACION CULTURAL Y DE TURISMO MUNICIPAL PELARCO
MU268;MUNICIPALIDAD DE RETIRO
MU290;MUNICIPALIDAD DE SAN JAVIER
CM230;CORPORACION DE DEPORTES Y RECREACION DE SAN JAVIER LONCOMILLA
CM104;CORPORACION CULTURAL MUNICIPAL DE SAN JAVIER DE LONCOMILLA
MU337;MUNICIPALIDAD DE VILLA ALEGRE
MU342;MUNICIPALIDAD DE YERBAS BUENAS
PP046;PARTIDO PAIS
MA010;ASOCIACION DE MUNICIPALIDADES PARA EL DESARROLLO ECONOMICO LOCAL
MA036;ASOCIACION DE MUNICIPALIDADES DE LA REGION DEL BIOBIO
FU011;CORPORACION REGIONAL DE DESARROLLO DE LA REGION DEL BIOBIO (DESARROLLA BIOBIO)
AP029;SEREMI DE VIVIENDA Y URBANISMO REGION DE BIOBIO
AO027;SERVICIO DE SALUD CONCEPCION
AP010;SERVIU REGION DEL BIOBIO
AJ024;SERVICIO LOCAL DE EDUCACION PUBLICA ANDALIEN SUR
PP010;PARTIDO ECOLOGISTA VERDE (PEV)
AB084;GOBIERNO REGIONAL DEL BIOBIO (GORE BIOBIO)
CM277;ZZZ CORPORACION SOCIAL MUNICIPAL DE CONCEPCION DE SERVICIO EDUCACIONAL SALUD Y ATENCION DE MENORES (SEMCO)
CM163;CORPORACION MUNICIPAL DE CONCEPCION
CM278;CORPORACION SOCIAL Y CULTURAL DE CONCEPCION (SEMCO)
MU061;MUNICIPALIDAD DE CONCEPCION
AK011;CORPORACION DE ASISTENCIA JUDICIAL REGION BIOBIO (CAJBIOBIO)
AB019;DELEGACION PRESIDENCIAL REGIONAL DEL BIOBIO
AO064;HOSPITAL GUILLERMO GRANT BENAVENTE DE CONCEPCION
AO048;SEREMI DE SALUD DEL BIOBIO
AB051;GOBERNACION DE CONCEPCION (DEROGADA POR DELEGACION PRESIDENCIAL REGIONAL DEL BIOBIO)
UN013;UNIVERSIDAD DEL BIOBIO (UBB)
CM282;CORPORACION MUNICIPAL DE DESARROLLO DE CORONEL
AO062;HOSPITAL SAN JOSE DE CORONEL
MU068;MUNICIPALIDAD DE CORONEL
MA043;ASOCIACION DE MUNICIPALIDADES PARA LA PRESERVACION DE LA BIODIVERSIDAD EN EL TERRITORIO DE NONGUEN Y OTROS ECOSISTEMAS
MU040;MUNICIPALIDAD DE CHIGUAYANTE
MU090;MUNICIPALIDAD DE FLORIDA
MU106;MUNICIPALIDAD DE HUALQUI
EP010;EMPRESA NACIONAL DEL CARBON S.A. (ENACAR)
MU158;MUNICIPALIDAD DE LOTA
AO063;HOSPITAL DE LOTA
MU210;MUNICIPALIDAD DE PENCO
CM087;CORPORACION CULTURAL DE SAN PEDRO DE LA PAZ
MU299;MUNICIPALIDAD DE SAN PEDRO DE LA PAZ
CM275;CORPORACION RED DE OPORTUNIDADES PARA EL DESARROLLO SOLIDARIO DE SAN PEDRO DE LA PAZ
CM147;CORPORACION DEPORTIVA MUNICIPAL DE SAN PEDRO DE LA PAZ
CM153;CORPORACION MUNICIPAL CULTURAL DE SANTA JUANA
MU306;MUNICIPALIDAD DE SANTA JUANA
AO028;SERVICIO DE SALUD TALCAHUANO
CM204;CORPORACION MUNICIPAL DE DEPORTES Y RECREACION DE TALCAHUANO
MU313;MUNICIPALIDAD DE TALCAHUANO
EP020;EMPRESA PORTUARIA TALCAHUANO SAN VICENTE
AO092;HOSPITAL DE LAS HIGUERAS
AO091;HOSPITAL DE TOME
CM205;CORPORACION MUNICIPAL DE DEPORTES Y RECREACION TOME
MU324;MUNICIPALIDAD DE TOME
MU105;MUNICIPALIDAD DE HUALPEN
MU137;MUNICIPALIDAD DE LEBU
AO030;SERVICIO DE SALUD ARAUCO
AB052;DELEGACION PRESIDENCIAL PROVINCIAL DE ARAUCO
MA048;ASOCIACION DE MUNICIPALIDADES DE ARAUCO Y CURANILAHUE
CM095;CORPORACION CULTURAL MUNICIPAL DE ARAUCO
MA015;ASOCIACION DE MUNICIPALIDADES DE LA PROVINCIA DE ARAUCO
CM184;CORPORACION MUNICIPAL DE DEPORTES DE LA COMUNA DE ARAUCO
MU011;MUNICIPALIDAD DE ARAUCO
MU027;MUNICIPALIDAD DE CANETE
MU065;MUNICIPALIDAD DE CONTULMO
MU075;MUNICIPALIDAD DE CURANILAHUE
CM199;CORPORACION MUNICIPAL DE DEPORTES Y RECREACION DE CURANILAHUE
MU151;MUNICIPALIDAD DE LOS ALAMOS
MU321;MUNICIPALIDAD DE TIRUA
MU153;MUNICIPALIDAD DE LOS ANGELES
MA038;ASOCIACION DE MUNICIPALIDADES BIOBIO CENTRO
AB050;DELEGACION PRESIDENCIAL PROVINCIAL DEL BIOBIO
AO060;HOSPITAL VICTOR RIOS RUIZ DE LOS ANGELES
CM099;CORPORACION CULTURAL MUNICIPAL DE LOS ANGELES
AO029;SERVICIO DE SALUD BIOBIO
MU010;MUNICIPALIDAD DE ANTUCO
MU018;MUNICIPALIDAD DE CABRERO
MA055;ASOCIACION DE MUNICIPIOS PARA EL DESARROLLO TURISTICO DE LAS COMUNAS DE CABRERO LOS ANGELES Y YUMBEL
MU131;MUNICIPALIDAD DE LAJA
MU177;MUNICIPALIDAD DE MULCHEN
MU178;MUNICIPALIDAD DE NACIMIENTO
CM080;CORPORACION CULTURAL DE NACIMIENTO
MU181;MUNICIPALIDAD DE NEGRETE
MU249;MUNICIPALIDAD DE QUILACO
MU251;MUNICIPALIDAD DE QUILLECO
MU302;MUNICIPALIDAD DE SAN ROSENDO
MA037;ASOCIACION DE MUNICIPIOS CORDILLERANOS AMCORDI
MU304;MUNICIPALIDAD DE SANTA BARBARA
MU329;MUNICIPALIDAD DE TUCAPEL
MU343;MUNICIPALIDAD DE YUMBEL
MU003;MUNICIPALIDAD DE ALTO BIOBIO
CM096;CORPORACION CULTURAL MUNICIPAL DE LA COMUNA DE CHILLAN
CM105;CORPORACION CULTURAL MUNICIPAL GONZALO ROJAS PIZARRO DE CHILLAN
CM166;CORPORACION MUNICIPAL DE CULTURA DE SAN CARLOS
UN014;UNIVERSIDAD DE LA FRONTERA (UFRO)
MA067;ASOCIACION DE MUNICIPALIDADES DE LA ZONA METROPOLITANA DE LA ARAUCANIA (AMZOMA)
MU315;MUNICIPALIDAD DE TEMUCO
MA026;ASOCIACION DE MUNICIPALIDADES CON ALCALDE MAPUCHE
AI002;CORPORACION NACIONAL DE DESARROLLO INDIGENA (CONADI)
AB085;GOBIERNO REGIONAL DE LA ARAUCANIA (GORE ARAUCANIA)
AP011;SERVIU REGION DE LA ARAUCANIA
AO049;SEREMI DE SALUD DE LA ARAUCANIA
AB054;GOBERNACION DE CAUTIN (DEROGADA POR DELEGACION PRESIDENCIAL REGIONAL DE LA ARAUCANIA)
AP030;SEREMI DE VIVIENDA Y URBANISMO REGION DE LA ARAUCANIA
AO110;HOSPITAL DR. HERNAN HENRIQUEZ ARAVENA DE TEMUCO
AB012;DELEGACION PRESIDENCIAL REGIONAL DE LA ARAUCANIA
CM193;CORPORACION MUNICIPAL DE DEPORTES DE TEMUCO
CM268;CORPORACION MUNICIPAL PARA EL DESARROLLO CULTURAL DE TEMUCO
AO032;SERVICIO DE SALUD ARAUCANIA SUR
AJ020;SERVICIO LOCAL DE EDUCACION PUBLICA COSTA ARAUCANIA
MU028;MUNICIPALIDAD DE CARAHUE
MA033;ASOCIACION DE MUNICIPIOS COSTA ARAUCANIA
MU071;MUNICIPALIDAD DE CUNCO
MU076;MUNICIPALIDAD DE CURARREHUE
MU091;MUNICIPALIDAD DE FREIRE
MU097;MUNICIPALIDAD DE GALVARINO
MU099;MUNICIPALIDAD DE GORBEA
CF001;CFT DE LA REGION DE LA ARAUCANIA
MU136;MUNICIPALIDAD DE LAUTARO
MU148;MUNICIPALIDAD DE LONCOCHE
MU172;MUNICIPALIDAD DE MELIPEUCO
MU184;MUNICIPALIDAD DE NUEVA IMPERIAL
CM130;CORPORACION DE DEPORTES MUNICIPAL DE NUEVA IMPERIAL
CM187;CORPORACION MUNICIPAL DE DEPORTES DE PADRE LAS CASAS
CM101;CORPORACION CULTURAL MUNICIPAL DE PADRE LAS CASAS
MU194;MUNICIPALIDAD DE PADRE LAS CASAS
MU214;MUNICIPALIDAD DE PERQUENCO
MU222;MUNICIPALIDAD DE PITRUFQUEN
MU230;MUNICIPALIDAD DE PUCON
CM209;CORPORACION MUNICIPAL DE DESARROLLO ECONOMICO Y SOCIAL DE PUCON
MU277;MUNICIPALIDAD DE SAAVEDRA
MU317;MUNICIPALIDAD DE TEODORO SCHMIDT
MU323;MUNICIPALIDAD DE TOLTEN
MU336;MUNICIPALIDAD DE VILCUN
CM098;CORPORACION CULTURAL MUNICIPAL DE LA COMUNA DE VILLARRICA
MA045;ASOCIACION DE MUNICIPALIDADES TURISTICAS LACUSTRES AMTL
MU339;MUNICIPALIDAD DE VILLARRICA
MU045;MUNICIPALIDAD DE CHOLCHOL
MU008;MUNICIPALIDAD DE ANGOL
AO057;HOSPITAL MAURICIO HEYERMANN DE ANGOL
AO031;SERVICIO DE SALUD ARAUCANIA NORTE
AB053;DELEGACION PRESIDENCIAL PROVINCIAL DE MALLECO
MU058;MUNICIPALIDAD DE COLLIPULLI
MA008;ASOCIACION DE MUNICIPALIDADES MALLECO NORTE AMMN
MU072;MUNICIPALIDAD DE CURACAUTIN
MU088;MUNICIPALIDAD DE ERCILLA
MU150;MUNICIPALIDAD DE LONQUIMAY
MA058;ASOCIACION DE MUNICIPALIDADES CORDILLERANAS DE LA ARAUCANIA
MU156;MUNICIPALIDAD DE LOS SAUCES
MU159;MUNICIPALIDAD DE LUMACO
MU241;MUNICIPALIDAD DE PUREN
MU264;MUNICIPALIDAD DE RENAICO
MU327;MUNICIPALIDAD DE TRAIGUEN
MA003;ASOCIACION DE MUNICIPALIDADES NAHUELBUTA (AMN)
MU334;MUNICIPALIDAD DE VICTORIA
AO056;HOSPITAL DE VICTORIA
AE015;TRIBUNAL TRIBUTARIO Y ADUANERO DE LA REGION DE ARICA Y PARINACOTA
AE026;TRIBUNAL TRIBUTARIO Y ADUANERO DE LA REGION DEL LOS LAGOS
AE031;CUARTO TRIBUNAL TRIBUTARIO Y ADUANERO DE LA REGION METROPOLITANA
FU009;CORPORACION REGIONAL DE DESARROLLO PRODUCTIVO DE LA REGION DE TARAPACA
MA064;ASOCIACION DE MUNICIPALIDADES TURISTICAS DE CHILE (AMTC)
AE025;TRIBUNAL TRIBUTARIO Y ADUANERO DE LA REGION DEL LIBERTADOR GENERAL BERNARDO OHIGGINS
AE016;TRIBUNAL TRIBUTARIO Y ADUANERO DE LA REGION DE ATACAMA
AE018;TRIBUNAL TRIBUTARIO Y ADUANERO DE LA REGION DE COQUIMBO
AE028;PRIMER TRIBUNAL TRIBUTARIO Y ADUANERO DE LA REGION METROPOLITANA
AE024;TRIBUNAL TRIBUTARIO Y ADUANERO DE LA REGION DE VALPARAISO
AE019;TRIBUNAL TRIBUTARIO Y ADUANERO DE LA REGION DE LA ARAUCANIA
AE020;TRIBUNAL TRIBUTARIO Y ADUANERO DE LA REGION DE LOS RIOS
MA066;ASOCIACION DE MUNICIPIOS RURALES DE LA REGION DE NUBLE (AMURNUBLE)
CO006;CONSEJO FISCAL AUTONOMO
PP055;PARTIDO CONVERGENCIA SOCIAL
AE021;TRIBUNAL TRIBUTARIO Y ADUANERO DE LA REGION DE MAGALLANES Y LA ANTARTICA CHILENA
MA062;ASOCIACION DE MUNICIPIOS DEL SUR DE CHILOE (AMSUR CHILOE)
AE022;TRIBUNAL TRIBUTARIO Y ADUANERO DE LA REGION DE NUBLE Y REGION DEL BIOBIO
PP057;PARTIDO NUEVA CLASE MEDIA
AE027;TRIBUNAL TRIBUTARIO Y ADUANERO DE LA REGION DEL MAULE
AE014;TRIBUNAL TRIBUTARIO Y ADUANERO DE LA REGION DE ANTOFAGASTA
PP061;PARTIDO CENTRO UNIDO
AE030;TERCER TRIBUNAL TRIBUTARIO Y ADUANERO DE LA REGION METROPOLITANA
PP058;PARTIDO CONSERVADOR CRISTIANO
AE017;TRIBUNAL TRIBUTARIO Y ADUANERO DE LA REGION DE AYSEN DEL GENERAL CARLOS IBANEZ DEL CAMPO
AJ030;SERVICIO LOCAL DE EDUCACION PUBLICA DE MAGALLANES
MA063;ASOCIACION DE MUNICIPALIDADES PARA LA SEGURIDAD CIUDADANA CONCON  LIMACHE
AE029;SEGUNDO TRIBUNAL TRIBUTARIO Y ADUANERO DE LA REGION METROPOLITANA
AE023;TRIBUNAL TRIBUTARIO Y ADUANERO DE LA REGION DE TARAPACA
